dim,value,n,turnover,dividend,realized_gm,expected_gm,realized_margin,expected_margin,margin_gap,settled_turnover
belief_source,true_odds,11258,28813825.759999998,27907340.450000003,906485.31,2080137.8553507458,0.03146008161326509,0.07219235212557022,-0.04073227051230513,28813825.759999998
book,1H · handicap,935,3613689.55,4069704.95,-456015.3999999999,250255.09114551466,-0.12619108356997627,0.06925196193057444,-0.1954430455005507,3613689.55
book,1H · totals,2338,9446317.510000002,8689683.0,756634.51,738664.566077689,0.08009835676167103,0.07819603409431544,0.0019023226673555854,9446317.510000002
book,2H · handicap,556,1940425.44,2090383.1400000001,-149957.70000000007,67751.57825101323,-0.07728083589751332,0.034915836936776724,-0.11219667283429005,1940425.44
book,2H · totals,1393,4955413.4799999995,4563621.01,391792.47,385459.61654619005,0.07906352751012011,0.07778556080171742,0.0012779667084026891,4955413.4799999995
book,prematch · handicap,1721,2482341.54,2596473.0700000003,-114131.52999999994,140376.28960629672,-0.04597736780410964,0.0565499498535148,-0.10252731765762443,2482341.54
book,prematch · totals,4315,6375638.24,5897475.279999999,478162.96,497630.7137240421,0.07499844595950601,0.07805190554915206,-0.0030534595896460487,6375638.24
clock_bin,live 0-15m,754,2428297.3,2369962.21,58335.089999999975,184784.52887379465,0.024023042812756072,0.07609633666923514,-0.05207329385647907,2428297.3
clock_bin,live 15-30m,755,3123704.42,3091179.11,32525.30999999996,237044.70041369912,0.010412416037750448,0.07588576527791292,-0.06547334924016247,3123704.42
clock_bin,live 30-45m,756,3220221.68,3164414.5300000003,55807.15000000002,243961.15234749977,0.017330219949329706,0.07575911741191052,-0.058428897462580814,3220221.68
clock_bin,live 45-60m,1511,6416332.53,6194848.11,221484.42000000004,483654.9325371698,0.034518849976124914,0.07537871989579845,-0.04085986991967353,6416332.53
clock_bin,live 60-75m,754,3153092.2399999998,3078903.0599999996,74189.18000000005,169507.95029066165,0.0235290230519866,0.053759274194484605,-0.030230251142498006,3153092.2399999998
clock_bin,live 75-90m,692,1614197.81,1514085.08,100112.73000000004,123177.58755758207,0.062020112640346126,0.07630885557798028,-0.014288742937634158,1614197.81
clock_bin,pre 15-0m,754,1121707.5999999999,1094156.82,27550.780000000002,85395.43123796578,0.024561463254773354,0.0761298499162935,-0.051568386661520145,1121707.5999999999
clock_bin,pre 2-1h,3016,4328758.67,4135971.88,192786.78999999992,294649.92522671714,0.044536275800286164,0.06806799539756213,-0.023531719597275964,4328758.67
clock_bin,pre 60-15m,2266,3407513.5100000002,3263819.6500000004,143693.85999999996,257961.6468656559,0.04216971101605403,0.07570377816804486,-0.03353406715199082,3407513.5100000002
domain,corner,3216,7947477.27,7500194.21,447283.06,724440.9082189754,0.056279879111878234,0.09115356780617448,-0.034873688694296245,7947477.27
domain,goal,8042,20866348.490000002,20407146.24,459202.25,1355696.9471317704,0.02200683316585402,0.0649704929341842,-0.042963659768330185,20866348.490000002
event_window,post_corner_5,503,2073808.6800000002,2055894.7000000002,17913.979999999974,157270.68886618642,0.008638202825923157,0.07583664316912128,-0.06719844034319812,2073808.6800000002
event_window,post_goal_15,1007,4103663.94,4122536.95,-18873.01000000001,310569.3030980565,-0.004599063245905075,0.07568097866660507,-0.08028004191251015,4103663.94
event_window,post_goal_5,503,2060181.81,1979969.1,80212.70999999999,133673.0983530134,0.03893477246068879,0.06488412707275257,-0.025949354612063776,2060181.81
event_window,prematch,6036,8857979.78,8493948.35,364031.43000000005,638007.003330339,0.041096439486340765,0.07202624291047309,-0.030929803424132325,8857979.78
event_window,quiet,3209,11718191.55,11254991.350000001,463200.20000000007,840617.7617031507,0.0395283007641226,0.07173613420776952,-0.032207833443646916,11718191.55
kind,handicap,3212,8036456.529999999,8756561.16,-720104.6299999999,458382.9590028246,-0.08960474399529912,0.057037944184938516,-0.14664268818023762,8036456.529999999
kind,totals,8046,20777369.23,19150779.29,1626589.94,1621754.8963479213,0.07828661665459559,0.07805390944327562,0.00023270721131997407,20777369.23
line_role,near theta,6969,17623250.62,16340898.77,1282351.85,1261555.1088606617,0.0727647740845667,0.07158470001152725,0.0011800740730394527,17623250.62
line_role,wing,4289,11190575.14,11566441.680000002,-375866.54,818582.7464900843,-0.03358777679410675,0.07314930075078199,-0.10673707754488874,11190575.14
matchup,high · balanced,2231,5767820.24,4949186.74,818633.5,404512.9223859956,0.14193117433215982,0.07013272008386925,0.07179845424829057,5767820.24
matchup,low · balanced,448,1153219.45,667968.6,485250.85000000003,80508.48192887753,0.42077928012747273,0.06981193555907987,0.35096734456839285,1153219.45
matchup,mid · away,441,1146250.15,1812790.2200000002,-666540.0700000001,-20725.850916419095,-0.5814961681793456,-0.01808143790988302,-0.5634147302694625,1146250.15
matchup,mid · balanced,4022,10451112.86,10869027.809999999,-417914.9499999999,727921.6587418811,-0.03998760281304626,0.06965015769065967,-0.10963776050370594,10451112.86
matchup,mid · home,900,2347945.79,2108172.87,239772.91999999998,163479.73499143517,0.10212029639747346,0.06962670760445247,0.032493588793020986,2347945.79
matchup,very_high · away,180,405339.95,489837.77999999997,-84497.83,36636.422634937975,-0.20846163818789634,0.09038443566921536,-0.2988460738571117,405339.95
matchup,very_high · balanced,3036,7542137.32,7010356.43,531780.89,687804.4855840375,0.07050798300766022,0.09119490356667723,-0.02068692055901701,7542137.32
odds_bin,1.50-1.80,1939,4868663.960000001,4717719.17,150944.78999999998,389501.4390053784,0.031003328888609506,0.08000170934068293,-0.04899838045207343,4868663.960000001
odds_bin,1.80-2.20,1870,4813920.55,3633834.3699999996,1180086.18,386631.2740644758,0.24514035238907297,0.0803152586439084,0.16482509374516457,4813920.55
odds_bin,2.20-3.00,1809,4567950.140000001,4696500.75,-128550.61000000007,354792.6106002341,-0.028141859271695126,0.07766998319299388,-0.10581184246468901,4567950.140000001
odds_bin,<1.50,3487,8837968.979999999,8328871.26,509097.72000000003,648554.5996319174,0.05760347441273777,0.07338276487500384,-0.015779290462266067,8837968.979999999
odds_bin,>3.00,2153,5725322.13,6530414.899999999,-805092.7700000006,300657.9320487401,-0.14061964579799122,0.05251371455124397,-0.19313336034923517,5725322.13
phase,1H,3273,13060007.059999999,12759387.950000001,300619.1099999999,988919.6572232037,0.02301829613252904,0.07572121919076541,-0.05270292305823637,13060007.059999999
phase,2H,1949,6895838.92,6654004.15,241834.77,453211.1947972032,0.03506966633147515,0.06572241609106542,-0.030652749759590273,6895838.92
phase,prematch,6036,8857979.78,8493948.35,364031.43000000005,638007.003330339,0.041096439486340765,0.07202624291047309,-0.030929803424132325,8857979.78
quote_age,just moved,11258,28813825.759999998,27907340.450000003,906485.31,2080137.8553507458,0.03146008161326509,0.07219235212557022,-0.04073227051230513,28813825.759999998
side,away,1601,3899097.77,3798921.4799999995,100176.29000000001,270552.1641169854,0.025692171858516903,0.06938840215770875,-0.04369623029919185,3899097.77
side,home,1611,4137358.76,4957639.68,-820280.92,187830.79488583922,-0.1982619752317539,0.04539872072535456,-0.24366069595710846,4137358.76
side,over,4016,10202042.41,8171475.26,2030567.15,796698.3896480188,0.19903535668599517,0.07809204839876947,0.1209433082872257,10202042.41
side,under,4030,10575326.82,10979304.03,-403977.2100000001,825056.5066999026,-0.03819997404108595,0.07801711670409658,-0.11621709074518254,10575326.82
