dim,value,model,n,mae,rmse,wape,bias,bias_pct,sum_actual,sum_forecast
belief_source,true_odds,ema,11335,862.5707698279664,1208.9842928997768,0.3393245922092367,-53.04627595941773,-0.020867743943766913,28813825.759999998,28212546.222000003
belief_source,true_odds,persist,11335,946.3397379797088,1330.380422635726,0.372278260420771,-9.718005293339223,-0.0038229421846826582,28813825.759999998,28703672.169999998
book,1H · handicap,ema,936,1186.569047008547,1515.418415933718,0.3073392477779393,-363.0409252136752,-0.09403306545798874,3613689.55,3273883.244
book,1H · handicap,persist,936,1326.645844017094,1714.3361615047504,0.34362124715444914,-215.5288141025641,-0.05582520778521214,3613689.55,3411954.58
book,1H · totals,ema,2340,1250.628411111111,1577.8636235752479,0.3098001394619648,-357.92351452991454,-0.08866323020725991,9446317.51,8608776.486
book,1H · totals,persist,2340,1386.4483547008547,1774.3055118473844,0.3434448552640276,-207.52717521367524,-0.05140771411567764,9446317.51,8960703.92
book,2H · handicap,ema,574,1367.5866602787457,1743.817435596706,0.4045477485597179,606.2100923344949,0.1793238667289375,1940425.44,2288390.033
book,2H · handicap,persist,574,1474.8532752613244,1863.7512107266402,0.43627843799038224,471.5564808362369,0.13949179103733042,1940425.44,2211098.86
book,2H · totals,ema,1440,1424.150942361111,1787.391503901772,0.41384586074944446,599.7285479166666,0.17427589291701268,4955413.4799999995,5819022.589000001
book,2H · totals,persist,1440,1499.4270555555556,1892.914937271717,0.43572044365508733,473.14180555555555,0.13749088804593582,4955413.4799999995,5636737.680000001
book,prematch · handicap,ema,1725,468.3561304347826,596.6024042551704,0.3254646115296447,-101.73644231884059,-0.07069750885287118,2482341.54,2306846.177
book,prematch · handicap,persist,1725,524.6160405797101,662.9083515898666,0.36456009594876293,-58.795043478260865,-0.04085716988001586,2482341.54,2380920.09
book,prematch · totals,ema,4320,485.2903104166666,614.7280369427348,0.32882263109708687,-106.48392291666666,-0.07215129367189431,6375638.239999999,5915627.693
book,prematch · totals,persist,4320,539.3583009259258,685.9747258212958,0.36545797805491553,-63.28268518518519,-0.04287903260960416,6375638.239999999,6102257.04
clock_bin,live 0-15m,ema,756,1318.643275132275,1620.2833087771462,0.4105322342531946,-1170.0795317460318,-0.36427999405179917,2428297.3,1543717.1739999999
clock_bin,live 0-15m,persist,756,1203.6426190476188,1516.3657313181861,0.37472916516441374,-797.2410317460317,-0.24820445997283766,2428297.3,1825583.08
clock_bin,live 15-30m,ema,756,1178.2135436507938,1491.8604889714115,0.28515164024386147,-339.6025806878307,-0.08219073141369758,3123704.42,2866964.869
clock_bin,live 15-30m,persist,756,1325.9473280423279,1674.3359291591637,0.3209062206980518,-82.83402116402117,-0.02004751781220054,3123704.42,3061081.9000000004
clock_bin,live 30-45m,ema,756,1251.2616362433862,1602.7883471330827,0.29375424768893543,-61.000130952380935,-0.01432078396540698,3220221.68,3174105.5810000002
clock_bin,live 30-45m,persist,756,1494.9406216931216,1940.3026652119775,0.350961897132498,-57.36797619047619,-0.0134680758996691,3220221.68,3176851.49
clock_bin,live 45-60m,ema,1512,1200.5355165343915,1543.4838663715736,0.2829045552911828,9.341816798941798,0.002201386373595652,6416332.53,6430457.357000001
clock_bin,live 45-60m,persist,1512,1423.1618584656085,1835.5077417644366,0.33536614879902427,11.593273809523806,0.002731939144057942,6416332.53,6433861.56
clock_bin,live 60-75m,ema,754,1201.2099986737398,1568.081157337708,0.28724574800260205,35.696563660477466,0.008536131185302802,3153092.2399999998,3180007.449
clock_bin,live 60-75m,persist,754,1463.856724137931,1892.2090741790937,0.3500525471465434,18.71226790450927,0.0044746708710303425,3153092.2399999998,3167201.2899999996
clock_bin,live 75-90m,ema,756,1743.8778015873015,2075.210138176073,0.8167348572973222,1561.6694603174603,0.7313986580120563,1614197.81,2794819.9220000003
clock_bin,live 75-90m,persist,756,1578.9108333333331,1915.370767845846,0.7394735531204815,1245.658611111111,0.5833968452726371,1614197.81,2555915.7199999997
clock_bin,pre 15-0m,ema,756,436.90037169312166,551.9819928198536,0.2944588063769917,-11.399712962962957,-0.007683092278237182,1121707.5999999999,1113089.417
clock_bin,pre 15-0m,persist,756,521.6257142857143,652.0906601957662,0.3515613516392329,-7.427698412698412,-0.005006063968898922,1121707.5999999999,1116092.2599999998
clock_bin,pre 2-1h,ema,3021,522.4389612711024,658.2190622326041,0.3646052418995213,-211.7029652432969,-0.1477455101464457,4328758.67,3689204.012
clock_bin,pre 2-1h,persist,3021,548.8737073816617,696.3182289790402,0.38305380281225054,-123.91321085733199,-0.08647786548932296,4328758.67,3954416.8599999994
clock_bin,pre 60-15m,ema,2268,439.058061287478,558.4360288355637,0.2922317637414151,5.585066578483245,0.0037173531265029085,3407513.5100000002,3420180.4409999996
clock_bin,pre 60-15m,persist,2268,521.3818430335097,665.55613699964,0.347025482519657,2.2727072310405676,0.0015126865924001969,3407513.5100000002,3412668.01
domain,corner,ema,3240,847.7175768518518,1177.920518770802,0.3455945648775665,-50.79761820987654,-0.020708997007298002,7947477.27,7782892.987000001
domain,corner,persist,3240,935.4940432098766,1310.0694372724327,0.38137897058748055,-8.935259259259265,-0.0036426955392851717,7947477.27,7918527.03
domain,goal,ema,8095,868.5157167387277,1221.196072824803,0.3369365143292496,-53.946294626312536,-0.02092820673484317,20866348.490000002,20429653.235
domain,goal,persist,8095,950.6806954910439,1338.4234660614252,0.36881202447510736,-10.031297096973448,-0.0038915936843917573,20866348.490000002,20785145.14
event_window,post_corner_5,ema,504,1210.5156666666667,1561.224527346445,0.2941929512996348,-343.77982142857144,-0.08354918738212619,2073808.6800000002,1900543.6500000004
event_window,post_corner_5,persist,504,1306.4883134920638,1689.9987670548828,0.31751728901047904,-148.5450992063492,-0.0361010785237913,2073808.6800000002,1998941.9500000002
event_window,post_goal_15,ema,1008,1233.5266726190475,1571.6155324439844,0.30299627459260225,5.542154761904757,0.0013613424689937173,4103663.94,4109250.432
event_window,post_goal_15,persist,1008,1465.3853373015872,1883.098046030079,0.35994868039803474,48.219226190476164,0.011844288594450544,4103663.94,4152268.92
event_window,post_goal_5,ema,503,1250.1254930417495,1617.095977740072,0.3052221507576557,-147.05359244532806,-0.035903606488011934,2060181.81,1986213.853
event_window,post_goal_5,persist,503,1452.8942743538769,1877.90394252917,0.3547287993965931,-10.015347912524827,-0.00244527933192458,2060181.81,2055144.09
event_window,prematch,ema,6045,480.45797617866003,609.6106645412756,0.32788158678772683,-105.12918279569891,-0.07174388808550677,8857979.780000001,8222473.869999999
event_window,prematch,persist,6045,535.1514524400329,679.4723575903922,0.36520635747037106,-62.002092638544255,-0.04231243006969273,8857979.780000001,8483177.129999999
event_window,quiet,ema,3275,1340.630016793893,1684.025434224432,0.3746792571418582,84.2359899236641,0.02354227321023769,11718191.55,11994064.417
event_window,quiet,persist,3275,1412.3316183206107,1789.1395242721978,0.39471841966945825,90.36596335877861,0.025255478094655254,11718191.55,12014140.08
kind,handicap,ema,3235,835.7148982998455,1180.5979784831995,0.3364091731110253,-51.7270714064915,-0.02082224614484418,8036456.53,7869119.454
kind,handicap,persist,3235,925.2763400309119,1304.2234381176625,0.3724612892294211,-10.041112828438957,-0.004041955540821041,8036456.53,8003973.529999999
kind,totals,ema,8100,873.2965407407409,1220.136763930551,0.34045224405919655,-53.57314345679011,-0.020885341988986793,20777369.23,20343426.768
kind,totals,persist,8100,954.7520950617285,1340.684469523614,0.37220746690268064,-9.588961728395068,-0.0037382302417696338,20777369.23,20699698.64
league_code,EPL,ema,3775,877.6450773509935,1225.0148410706822,0.34339317970253685,-53.738867019867556,-0.021026222211902347,9648153.67,9445289.446999999
league_code,EPL,persist,3775,963.8694754966887,1355.4769250718355,0.3771299042752497,-11.176452980132442,-0.004372972430071303,9648153.67,9605962.559999999
league_code,GER,ema,3780,842.3065759259259,1172.1260281382329,0.3361287412348897,-51.29955793650794,-0.020471472416263403,9472319.580000002,9278407.251
league_code,GER,persist,3780,924.9008650793652,1283.4253963628455,0.3690886102894767,-8.604161375661379,-0.003433554973026185,9472319.580000002,9439795.85
league_code,SPA,ema,3780,867.7805957671957,1228.9995469136313,0.33839795350638696,-54.10131904761904,-0.021097240174545288,9693352.510000002,9488849.524
league_code,SPA,persist,3780,950.2720608465609,1351.0466036544276,0.37056615719838293,-9.375330687830681,-0.0036559848580191433,9693352.510000002,9657913.76
line_role,near theta,ema,7015,857.1309935851746,1193.7969651774977,0.3411841577725914,-52.08340270848182,-0.020731990815891846,17623250.62,17257885.55
line_role,near theta,persist,7015,943.1371489665003,1321.466184433821,0.37541922558211904,-9.52512045616536,-0.003791509378194528,17623250.62,17556431.9
line_role,wing,ema,4320,871.4041101851852,1233.247745786162,0.336396093042989,-54.60983055555555,-0.021081532007835687,11190575.14,10954660.672
line_role,wing,persist,4320,951.5402384259258,1344.7298599692406,0.36733177504940995,-10.031219907407419,-0.0038724435033819934,11190575.14,11147240.27
matchup,high · balanced,ema,2250,871.1797466666667,1230.7974327164625,0.339843190050597,-49.6323688888889,-0.019361357558535852,5767820.24,5656147.41
matchup,high · balanced,persist,2250,961.5696844444444,1365.3660244086118,0.37510388673278067,-8.426679999999994,-0.0032872088954008717,5767820.24,5748860.209999999
matchup,low · balanced,ema,450,817.2502333333333,1112.3988789628286,0.3189007998434296,-52.852037777777774,-0.020623496247830282,1153219.45,1129436.033
matchup,low · balanced,persist,450,859.9303555555556,1164.4032718649403,0.33555509317849264,-9.290311111111114,-0.0036251903312937515,1153219.45,1149038.81
matchup,mid · away,ema,445,828.1206539325846,1161.9802006705456,0.32149499915005475,-54.830910112359554,-0.021286588272202093,1146250.15,1121850.395
matchup,mid · away,persist,445,926.3172584269663,1276.2296102245602,0.3596171219694061,-12.200853932584272,-0.004736644963579624,1146250.15,1140820.77
matchup,mid · balanced,ema,4050,879.8884054320987,1233.3621378941004,0.34097307049844644,-54.56387209876541,-0.021144512068736767,10451112.86,10230129.178
matchup,mid · balanced,persist,4050,966.2197777777778,1354.1047832682577,0.37442807789179305,-9.949945679012338,-0.0038557884255781857,10451112.86,10410815.58
matchup,mid · home,ema,900,856.284398888889,1222.6219622421402,0.328225618445816,-62.06174555555553,-0.023789122916675173,2347945.79,2292090.219
matchup,mid · home,persist,900,910.9538888888887,1310.5092763035123,0.34918118786720365,-13.706688888888893,-0.005253962869389765,2347945.79,2335609.77
matchup,very_high · away,ema,180,823.0589777777778,1101.9527163609607,0.3654971980926134,-49.634299999999996,-0.022041187896727033,405339.95,396405.77600000007
matchup,very_high · away,persist,180,901.205111111111,1237.2894423258897,0.4001996842403518,-13.130111111111116,-0.005830710740453601,405339.95,402976.5300000001
matchup,very_high · balanced,ema,3060,849.1680826797386,1182.2372033476504,0.3445249301029698,-50.86604869281046,-0.02063740056644835,7542137.32,7386487.211000001
matchup,very_high · balanced,persist,3060,937.5110392156863,1314.225103479444,0.3803674818267563,-8.68850326797386,-0.0035251042074636077,7542137.32,7515550.5
odds_bin,1.50-1.80,ema,1956,848.2891600204499,1175.7718631484522,0.34080265358876816,-59.6868307770961,-0.023979359010844453,4868663.96,4751916.519
odds_bin,1.50-1.80,persist,1956,907.3441155419223,1258.8441094246657,0.36452815486571394,-19.308031697341494,-0.007757058262858772,4868663.96,4830897.449999999
odds_bin,1.80-2.20,ema,1884,886.7983742038217,1246.4044343622536,0.3470618427634831,-48.200006900212294,-0.018863795539791384,4813920.55,4723111.737
odds_bin,1.80-2.20,persist,1884,977.0063800424629,1384.900687500893,0.38236609866774807,-5.976709129511671,-0.0023390747485435986,4813920.55,4802660.43
odds_bin,2.20-3.00,ema,1818,831.8569807480748,1162.8598247720586,0.3310710372596142,-52.59921947194719,-0.020933980903740986,4567950.140000001,4472324.759
odds_bin,2.20-3.00,persist,1818,917.6190649064907,1293.139916911295,0.3652035177424244,-14.157524752475249,-0.005634557998919142,4567950.140000001,4542211.76
odds_bin,<1.50,ema,3508,854.6884273090078,1190.2268871761723,0.33924615596467045,-51.15806812998861,-0.020305853460916123,8837968.98,8658506.476999998
odds_bin,<1.50,persist,3508,941.0271579247433,1313.2908340861834,0.3735160507431425,-5.029398517673884,-0.001996287839426295,8837968.98,8820325.85
odds_bin,>3.00,ema,2169,892.8976247118488,1271.9047603455176,0.3382682937352906,-54.69589672660211,-0.02072117468785994,5725322.130000001,5606686.73
odds_bin,>3.00,persist,2169,987.533928077455,1401.185519022762,0.374120624370877,-8.181396957123102,-0.0030994675228869814,5725322.130000001,5707576.68
phase,1H,ema,3276,1232.3257356532358,1560.277174264339,0.30911921344704085,-359.3856318681319,-0.0901490576989013,13060007.059999999,11882659.73
phase,1H,persist,3276,1369.3619230769232,1757.3802416480912,0.3434936627055698,-209.81335775335776,-0.052630029742112464,13060007.059999999,12372658.5
phase,2H,ema,2014,1408.0298411122146,1775.0816655739284,0.41122945777857584,601.5758202581927,0.17569634616697233,6895838.92,8107412.622
phase,2H,persist,2014,1492.4234061569018,1884.6491122349182,0.43587745811208717,472.68998013902683,0.13805392368416866,6895838.92,7847836.54
phase,prematch,ema,6045,480.45797617866003,609.6106645412756,0.32788158678772683,-105.12918279569891,-0.07174388808550677,8857979.780000001,8222473.869999999
phase,prematch,persist,6045,535.1514524400329,679.4723575903922,0.36520635747037106,-62.002092638544255,-0.04231243006969273,8857979.780000001,8483177.129999999
pool_name,CHLO,ema,3240,847.7175768518518,1177.920518770802,0.3455945648775665,-50.79761820987654,-0.020708997007298002,7947477.27,7782892.987000001
pool_name,CHLO,persist,3240,935.4940432098766,1310.0694372724327,0.38137897058748055,-8.935259259259265,-0.0036426955392851717,7947477.27,7918527.03
pool_name,HDC,ema,3235,835.7148982998455,1180.5979784831995,0.3364091731110253,-51.7270714064915,-0.02082224614484418,8036456.53,7869119.454
pool_name,HDC,persist,3235,925.2763400309119,1304.2234381176625,0.3724612892294211,-10.041112828438957,-0.004041955540821041,8036456.53,8003973.529999999
pool_name,HILO,ema,4860,890.3491833333333,1247.487490437217,0.33726683314954425,-55.423493621399174,-0.020994578897451568,12829891.96,12560533.781000001
pool_name,HILO,persist,4860,967.5907962962962,1360.7118692261117,0.3665261784480373,-10.024763374485591,-0.003797409218401671,12829891.96,12781171.61
quote_age,just moved,ema,11335,862.5707698279664,1208.9842928997768,0.3393245922092367,-53.04627595941773,-0.020867743943766913,28813825.759999998,28212546.222000003
quote_age,just moved,persist,11335,946.3397379797088,1330.380422635726,0.372278260420771,-9.718005293339223,-0.0038229421846826582,28813825.759999998,28703672.169999998
side,away,ema,1615,807.4766990712073,1140.6382706307966,0.33445554482723316,-52.065564705882366,-0.021565472824755585,3899097.77,3815011.883
side,away,persist,1615,880.9362538699692,1237.7953006350613,0.3648823738010551,-10.174000000000008,-0.004214054370839687,3899097.77,3882666.7600000002
side,home,ema,1620,863.8659425925927,1219.1313405284106,0.33825029642824594,-51.38962283950616,-0.020121820182690493,4137358.76,4054107.5710000005
side,home,persist,1620,969.4795740740742,1367.2377880641973,0.37960375232241167,-9.908635802469123,-0.0038797674872168347,4137358.76,4121306.77
side,over,ema,4050,859.3348866666668,1207.4189087917682,0.3411381908772128,-51.03551086419751,-0.020260043106407763,10202042.41,9995348.591
side,over,persist,4050,940.7130172839505,1327.6077896270492,0.3734436269609665,-8.7748938271605,-0.003483451506255824,10202042.41,10166504.09
side,under,ema,4050,887.2581948148148,1232.7234175117833,0.33979050956649304,-56.110776049382714,-0.02148856927714308,10575326.82,10348078.177000001
side,under,persist,4050,968.7911728395062,1353.634829104663,0.37101494041580835,-10.403029629629623,-0.003984015881222624,10575326.82,10533194.55
