topic,verdict,detail
next 5min = last 5min,usable,"WAPE 37.23% of turnover, MAE 946 per selection-bucket over 11,335 active buckets; bias -0.38%. EMA(3) WAPE 33.93%. Forecast-zero WAPE 100.00%."
market-wide money per bucket,good,"summed across all live selections, persistence is off by 8.79% of the money in a 5-min bucket (bias -0.38%)."
true prob = 1 / true odds,mis-calibrated,"money-weighted log-loss 0.6174, ECE 8.93%, signed error -0.15% on 14,346 settled rows covering 252 independent selections, so the noise floor on ECE is about 6.30%. Against public odds (0.6174) it is indistinguishable."
belief is not one number,split,1/true-odds is long by 7.81% on odds_bin=1.80-2.20 (headline signed error -0.15%). That is the slice to refuse or to reprice.
gross margin,consistent,"realised 3.15% vs expected 7.22% on turnover 28,813,826; gap -4.07% against a noise floor of 12.60%."
pricer reproduces HKJC's board,close,"feeding HKJC's own TG/SUP through this pricer lands 0.78% away from the odds they actually opened (median 0.03% on 1,006 prices). The margin and line conventions line up, so the lift below is about theta, not about pricing bugs."
optimised theta vs HKJC's board,better,"expected margin 12.42% against 7.62% on the odds HKJC opened, a lift of 4.80% of turnover (110,768 on 2,306,091); better in 71 of 72 buckets."
where the lift comes from,theta,"re-pricing with HKJC's own theta already gives -1,493; moving theta adds 112,261. Only the second part is a genuine parameter edge, the first is a difference in pricing or margin."
against real settled money,reference,"the same buckets realised 3.40% margin on 2,599,110 of settled turnover. Expected margins are noise-free; this one is a single draw, so treat it as a sanity check on scale, not a target."
